NORAD_CAT_ID,RCS
47,2.9661
58,1.2843
59,3.4517
118,1.6476
134,1.557
163,9.2155
192,7.9063
202,1.9757
204,3.181
271,8.2159
424,1.08
426,5.11
447,3.3285
574,10.0295
589,1.0326
622,8.6031
629,1.0664
669,3.2528
671,1.5705
694,6.388
703,3.3116
704,1.1223
705,1.2861
727,7.1944
733,4.474
741,3.7857
746,2.7047
801,1.1986
815,4.9753
829,2.6808
876,3.7615
877,5.6361
893,3.3719
899,1.423
901,1.1909999999999998
953,3.3725
959,1.4284
965,1.0078
1000,3.0959
1001,10.6452
1245,4.9113
1314,5.3791
1328,2.0809
1359,15.0902
1420,1.4843
1428,3.3749
1508,3.2277
1510,1.416
1514,1.4572
1575,5.6074
1589,5.3927
1642,2.2375
1646,1.5225
1668,2.7602
1680,2.0856
1684,1.3084
1716,1.797
1726,1.2963
1805,1.0496
1807,4.4151
1863,10.25
1864,1.1521
1952,1.3256
2016,1.2371
2119,1.2861
2142,12.1059
2144,6.0394
2173,1.959
2174,4.6871
2176,1.1152
2255,6.6496
2256,1.2874
2401,1.4245
2403,10.2745
2422,1.7305
2481,15.2254
2511,1.1154
2621,1.138
2622,1.0675
2671,1.2329999999999999
2682,1.194
2741,1.761
2754,1.2783
2801,1.7939
2802,4.3558
2807,1.4297
2825,4.6481
2940,1.5841
2965,1.3187
2985,1.5511
3047,2.5999
3048,4.1484
3081,1.8345
3093,1.4615
3129,1.929
3131,4.3567
3158,1.569
3212,1.0671
3229,2.9366
3230,4.111000000000001
3271,1.59
3307,15.7157
3338,1.0726
3346,4.8519
3504,4.7964
3522,1.837
3530,4.5805
3576,2.8184
3577,4.3936
3597,2.2880000000000003
3598,11.911
3616,4.0847
3669,1.8530000000000002
3818,2.489
3819,4.9001
3827,1.0284
3890,2.3971
3892,4.1698
4048,1.6019999999999999
4070,2.194
4071,4.3508
4138,1.825
4139,3.532
4159,4.2326
4216,2.5938
4247,1.0661
4254,2.5111
4255,4.2506
4320,2.0986
4322,4.523
4327,4.467
4332,1.5471
4362,2.6535
4367,3.344
4369,2.859
4370,4.4268
4382,1.0
4391,5.7047
4394,6.237
4419,3.9182
4420,6.662999999999999
4507,1.3815
4513,1.7169
4564,2.166
4578,2.2897
4579,4.0706
4588,2.9514
4589,4.2775
4597,5.2087
4598,5.477
4657,1.0590000000000002
4675,2.8738
4783,4.3024
4784,4.6585
4786,19.1591
4793,2.115
4794,4.6419999999999995
4799,2.935
4800,4.3409
4814,6.046
4922,1.2405
4954,1.555
4964,5.8660000000000005
5050,1.3948
5051,4.4982
5104,1.7281
5105,2.3283
5117,5.4715
5118,6.3096
5174,2.0098
5175,4.417
5180,2.4377
5181,4.3049
5218,5.7849
5238,2.5696
5239,4.2032
5395,1.45
5397,2.1935
5435,1.2209999999999999
5555,6.3696
5556,1.1664
5557,1.1207
5560,8.152000000000001
5614,2.7834
5615,4.2909
5683,3.1802
5685,4.5159
5705,2.2632
5707,3.9137
5721,2.3444
5729,2.0812
5730,5.234
5731,3.6945
5732,6.7122
5846,2.1254
5847,4.4321
5903,1.1769
5904,1.125
5905,2.6738
5907,4.6407
5917,4.0216
5918,6.0611
6019,1.7997
6020,4.2425
6059,2.282
6061,4.4168
6079,3.9249
6080,6.4176
6125,5.9769
6126,2.6723
6127,5.0321
6148,2.0863
6149,4.124
6153,6.42
6154,2.4995
6155,11.584000000000001
6206,1.358
6207,4.6168
6217,1.3797
6218,2.6014
6235,2.3278
6237,4.0937
6256,3.8558
6257,6.0679
6271,5.9554
6275,1.1963
6276,1.0799
6305,2.9256
6306,4.2351
6319,2.2929
6320,4.485
6323,2.0064
6324,4.1011
6350,1.656
6392,4.2273
6393,6.0719
6659,4.0941
6660,6.5089999999999995
6683,5.9467
6707,1.5547
6708,4.5066
6787,1.3294
6788,1.1540000000000001
6825,2.8281
6826,4.2708
6828,1.9169999999999998
6829,4.7644
6853,5.3387
6909,1.2826
6920,2.4535
6921,3.4960000000000004
6965,2.0082
6966,4.8043
6993,6.0033
7003,2.028
7005,2.7348
7008,1.798
7009,3.892
7028,1.0625
7032,2.8387
7094,2.0096
7095,4.2046
7209,3.8105
7210,5.7483
7218,1.123
7219,1.0826
7273,5.952999999999999
7274,4.0242
7275,6.367000000000001
7281,2.9233
7284,4.7169
7291,2.026
7297,2.946
7337,2.9410000000000003
7349,1.9313
7350,4.1709
7363,4.4523
7364,6.6
7411,1.2309999999999999
7412,1.13
7424,2.667
7426,5.211
7433,2.0473
7434,4.2025
7443,5.4682
7476,1.841
7477,3.9359
7490,3.9187
7493,6.5762
7529,2.5191
7574,3.701
7575,6.75
7593,1.8634
7594,4.3015
7615,2.7969999999999997
7616,4.9089
7663,2.8039
7665,5.0701
7686,6.106
7714,3.8747
7715,6.3965
7718,2.5393
7727,2.2948
7734,1.2801
7735,4.9404
7736,3.1568
7737,4.5015
7768,1.5921
7769,4.488
7831,5.943
7902,14.73
7924,3.2315
7946,5.482
8026,4.5425
8027,5.5789
8072,1.9419
8073,4.4639999999999995
8136,5.644
8197,1.4269999999999998
8293,4.0482
8294,6.6575
8295,5.9316
8311,2.4419
8325,2.5108
8326,4.9594
8343,2.9864
8344,3.992
8398,1.1882
8419,2.194
8421,4.5321
8458,1.9311
8459,4.0731
8473,2.68
8519,3.9958
8520,6.0657
8591,3.4789999999999996
8597,4.3295
8615,5.9386
8645,1.6375
8646,3.8862
8688,1.287
8709,1.1407
8710,1.4641
8744,2.9810000000000003
8799,3.112
8800,6.7965
8822,2.4091
8845,4.03
8846,5.1982
8860,1.268
8873,1.764
8874,4.638999999999999
8897,5.6399
8923,1.7502
8924,4.2449
8956,1.5330000000000001
9013,5.3761
9022,2.0359
9023,4.0921
9025,2.592
9044,3.7526
9057,1.6254
9061,1.5781
9062,3.9989999999999997
9063,5.3979
9443,2.0532
9444,4.1953
9481,3.7331
9482,6.8905
9486,2.282
9494,2.2699
9509,2.1255
9510,4.184
9598,5.996
9610,1.7189
9613,4.1296
9634,4.5123
9637,1.9406
9638,4.0579
9661,4.9155
9662,5.611000000000001
9737,1.666
9738,4.173
9786,8.9462
9841,1.4266
9846,3.135
9848,4.4611
9903,3.5882
9904,6.697
10010,1.3944
10011,4.9427
10019,2.3844
10020,4.7085
10062,8.888
10095,2.4311
10096,3.1462
10114,5.9376
10120,1.8433
10121,4.448
10137,1.6321
10138,4.3398
10141,2.061
10142,4.4341
10144,4.9015
10184,3.8672
10234,1.0577
10293,5.733
10295,8.939
10352,3.7372
10355,3.9631
10358,2.53
10457,1.6282
10459,1.5277
10461,4.815
10490,9.111
10491,2.4859
10492,4.4869
10512,1.3514
10513,4.4157
10514,4.5824
10515,5.6566
10517,8.5089
10520,2.0157
10521,4.0593
10531,3.878
10536,2.0093
10537,4.1709
10539,2.187
10541,4.7118
10591,5.9806
10599,2.4472
10600,4.1255
10664,1.0127
10674,1.3385
10675,1.1006
10676,2.1645
10677,4.1696
10692,2.0174
10693,4.1371
10702,2.7612
10704,4.9363
10723,1.9006
10730,1.9569999999999999
10731,2.0259
10732,4.0579
10744,2.0
10745,4.4355
10776,1.4484
10777,4.0281
10779,15.12
10793,9.056000000000001
10820,3.3972
10856,9.4429
10894,2.0188
10917,2.0622
10918,4.6501
10938,5.7557
10954,8.6409
10961,2.742
10962,4.2286
10967,9.412
10974,4.122
10991,1.6896
10992,4.5636
11006,17.6764
11051,5.454
11060,4.08
11080,3.1472
11081,8.298
11084,4.1329
11087,5.0188
11111,2.1281
11112,4.387
11136,5.8535
11142,1.4463
11165,4.25
11166,5.5174
11168,2.7752
11170,6.0389
11238,3.2404
11239,4.1959
11251,5.415
11267,4.0015
11288,4.5669
11289,5.461
11304,5.9367
11308,1.9191
11309,4.4701
11320,1.9187
11321,4.1304
11326,1.4974
11327,5.4444
11378,2.9947
11379,4.0468
11416,2.8854
11425,2.1421
11427,4.474
11510,2.0233
11511,4.6930000000000005
11546,5.7995
11573,1.9849
11574,4.6928
11585,2.0058
11586,4.855
11605,4.2226
11608,5.7348
11636,8.997
11667,1.9661
11668,5.187
11672,3.8825
11680,3.0982
11681,4.7208
11699,5.4306
11705,1.5903
11735,1.9233
11736,4.2453
11750,1.3644
11751,4.7374
11765,4.282
11788,2.5869999999999997
11803,2.7715
11804,4.327
11822,4.9562
11869,1.9849
11870,4.1202
11883,5.8261
11962,4.723
11963,5.2679
12087,2.3761
12088,4.3722
12091,1.8449
12092,4.5189
12115,5.9562
12138,2.9539999999999997
12139,5.479
12149,1.4348
12150,4.8103
12155,5.1160000000000005
12174,1.7180000000000002
12295,1.8459
12297,2.2022
12298,4.3180000000000005
12319,2.8596
12328,5.2783
12388,2.975
12409,2.2938
12442,2.0515
12443,4.3464
12445,16.0177
12456,4.4179
12457,6.2109
12458,1.6177
12465,5.3152
12497,15.3156
12504,2.9466
12508,4.3101
12553,2.878
12585,4.2242
12586,6.5459
12644,5.6564
12645,3.9376
12646,5.3225
12681,2.0159
12682,5.0849
12783,2.0841
12785,5.6944
12786,3.2877
12791,2.151
12792,4.7613
12803,1.4715
12804,4.1899
12818,11.3425
12827,5.6709
12835,1.9671
12836,3.978
12848,4.1739999999999995
12849,4.6957
12879,8.6971
12880,5.252000000000001
12889,7.515
12904,5.3523
12983,5.7903
12987,8.2828
12988,4.1138
13003,6.1939
13007,17.6109
13027,3.0439999999999996
13028,4.138999999999999
13033,2.076
13034,4.2721
13065,1.4824
13066,4.0636
13067,6.3351
13068,4.512
13110,1.9692
13111,4.4668
13113,4.293
13114,4.409
13121,5.1803
13127,2.0527
13128,4.1579
13148,1.9054
13149,4.479
13153,9.0408
13154,5.275
13168,5.8109
13175,2.387
13241,1.9413
13242,4.3998
13243,2.2680000000000002
13260,5.5021
13271,8.3594
13272,4.107
13301,2.5991
13302,4.1626
13353,2.0842
13354,4.4229
13367,6.432
13386,5.7649
13403,5.8217
13492,2.043
13493,1.7690000000000001
13552,7.4965
13553,4.0839
13589,9.334
13590,3.9810000000000003
13600,2.388
13617,2.3581
13618,4.4797
13648,2.6099
13649,4.1441
13718,4.592
13719,4.8875
13736,3.3278
13757,3.0148
13758,4.4389
13769,5.8971
13770,6.8711
13771,5.6739999999999995
13777,3.9914
13778,8.3698
13819,5.4579
13911,1.2942
13916,1.9629
13917,4.1409
13923,3.9923
13949,1.9243
13950,4.5116
13991,1.903
13992,4.2691
14032,5.4235
14033,4.118
14051,9.116
14057,2.024
14059,4.6442
14064,8.8835
14084,3.165
14085,4.712
14096,8.675
14147,7.6377
14148,4.098
14154,1.1875
14179,5.756
14208,6.0788
14240,1.9323
14241,4.0275
14372,9.4498
14373,4.1888
14401,2.0418
14402,4.3871
14450,1.5637
14451,4.048
14452,4.7566
14453,5.468
14483,2.9139999999999997
14506,3.5984
14521,9.5233
14522,4.6391
14546,2.3509
14547,4.2584
14551,7.5694
14552,4.238
14619,6.2546
14624,1.9255
14625,4.3589
14670,3.8481
14679,2.0723
14680,4.1434
14699,6.2222
14700,3.6382
14759,1.8428
14760,4.1704
14780,8.406
14819,8.2989
14820,3.8208
14965,2.0072
14966,4.3738
14973,2.031
14974,3.9124
15006,5.9223
15031,2.0002
15032,4.1982
15055,2.4161
15056,4.3207
15077,2.181
15078,4.247
15085,2.113
15099,4.3379
15100,4.6105
15171,11.2562
15172,4.967
15202,10.3267
15244,3.1586
15292,2.531
15293,4.3234
15331,8.9449
15332,4.3262
15333,6.732
15334,13.5197
15354,5.9971
15359,1.9847
15360,4.508
15362,1.6629
15369,7.1218
15370,3.798
15378,2.2594
15388,22.65
15390,3.767
15392,9.6188
15398,1.9363
15399,4.485
15427,4.297
15469,1.0618
15471,1.023
15475,5.735
15482,2.086
15483,4.5157
15494,6.507999999999999
15495,3.0589999999999997
15505,2.5222
15506,3.966
15516,4.8425
15517,4.6003
15562,23.35
15592,6.7589999999999995
15593,4.0084
15595,9.0239
15596,2.2109
15597,2.003
15598,4.0083
15625,5.6998
15644,3.12
15680,6.8436
15751,1.5155
15752,4.3622
15755,12.1965
15772,13.142000000000001
15821,9.8473
15822,4.5508
15874,15.84
15889,7.1526
15890,4.2565
15930,2.4738
15935,1.1459
15936,1.5246
15944,8.713
15945,4.252
15986,2.2783
16001,3.7968
16011,2.0304
16012,5.3374
16111,5.138
16138,1.1019
16139,1.0052
16144,5.8676
16181,3.3325
16182,10.9102
16191,4.4356
16194,4.5
16229,2.7460000000000004
16262,7.3663
16263,4.3822
16291,2.1566
16292,4.103
16326,7.5043
16327,4.1693
16368,2.0655
16369,3.9933
16408,4.0079
16409,4.3856
16457,5.5277
16493,2.0469999999999997
16494,4.1175
16495,8.384
16496,4.0562
16510,1.4617
16511,4.0148
16528,10.43
16593,8.1501
16594,4.8999
16611,7.507999999999999
16612,3.9534
16613,7.279
16614,2.6891
16615,6.6005
16647,2.3071
16681,1.8549
16682,4.1614
16719,7.7814
16720,3.313
16727,2.114
16728,4.3241
16735,4.1836
16736,4.8645
16766,5.9334
16791,7.2754
16792,4.4704
16798,2.053
16799,4.8416
16860,2.1897
16864,4.273
16865,4.6204
16881,8.2879
16882,4.2918
16908,4.228
16910,11.34
16917,2.1122
16952,1.9980000000000002
16953,5.4265
16969,4.165
16986,8.375
16987,4.3958
16993,9.0832
17066,1.8805
17067,4.5867
17070,1.3714
17129,5.2364
17146,6.4236
17159,2.13
17160,4.2444
17177,9.4257
17178,4.6217
17191,8.2005
17192,4.019
17239,2.052
17240,4.218999999999999
17241,6.8667
17242,4.456
17290,3.783
17291,4.414
17295,6.9447
17296,4.1160000000000005
17303,2.0525
17304,4.383
17359,1.4819
17360,4.289
17369,3.4055
17525,2.0848
17526,4.112
17527,3.1767
17528,8.3466
17535,12.8194
17536,5.6926
17566,8.2041
17567,4.099
17583,1.1357
17584,1.1105
17585,1.0489
17586,1.095
17587,1.0495
17588,5.0659
17589,4.1063
17590,8.4627
17911,7.9179
17912,4.4461
17973,15.0575
17974,9.0503
18095,1.9468
18096,5.1321
18121,6.0226
18122,2.2887
18123,2.96
18129,1.6879
18130,4.7
18152,7.733
18153,4.3795
18160,2.1112
18161,4.5283
18187,3.293
18214,8.8445
18215,4.0192
18312,4.3174
18313,4.7410000000000005
18334,1.0265
18335,1.0499
18337,1.045
18338,1.0822
18340,6.1176
18361,1.4209
18362,1.37
18402,2.0374
18403,4.4904
18421,6.3995
18422,4.4152
18585,2.1114
18586,4.2642
18665,2.8438
18709,2.1087
18710,5.8487
18748,8.6292
18749,4.2105
18765,1.035
18788,1.0629
18789,1.06
18790,1.0959999999999999
18791,1.097
18793,1.1104
18794,4.6887
18820,5.0379
18821,3.9221
18822,3.341
18945,5.896
18957,2.205
18958,6.947
18959,3.872
18960,3.5011
18961,6.0769
18985,2.4426
18986,3.9392
19038,2.0794
19039,4.5941
19046,5.6314
19070,1.4319
19071,1.5025
19119,10.7287
19120,10.008
19122,1.16
19195,10.0946
19196,4.9866
19210,8.1311
19211,3.8216
19223,1.8326
19256,1.9493
19257,4.1610000000000005
19274,8.6418
19275,4.3875
19324,2.2582
19325,4.783
19336,6.1205
19337,4.56
19419,1.3129
19420,1.3326
19467,2.086
19468,8.8997
19531,3.8291
19573,5.0143
19574,4.495
19622,10.21
19649,11.2461
19650,11.3883
19769,2.0094
19770,4.0333
19785,1.1011
19786,1.1320000000000001
19787,1.0388
19788,1.0289
19789,1.0352
19791,4.1930000000000005
19822,2.9878
19826,2.0138
19827,4.5364
19851,4.522
19852,4.3260000000000005
19884,10.446
19910,5.4637
19920,10.1097
19921,1.9763
19922,4.2198
20045,2.2230000000000003
20046,4.546
20103,2.0191
20104,4.4044
20149,2.0789
20150,4.2469
20170,12.59
20196,8.8391
20197,4.8333
20232,1.078
20233,1.0982
20234,1.1122
20235,1.1159999999999999
20236,1.0075
20237,1.1520000000000001
20238,5.3727
20261,7.039
20262,4.4193
20303,9.3651
20305,6.1716
20306,4.8967
20322,11.2647
20323,8.3925
20411,3.6536
20432,1.9961
20433,5.303999999999999
20436,6.2170000000000005
20443,9.736
20453,9.5315
20465,8.6028
20466,4.231
20478,2.9616
20488,7.4328
20491,7.8917
20508,2.2969999999999997
20509,5.6069
20510,8.6034
20511,4.1323
20527,2.0055
20528,5.0342
20557,6.1248
20559,9.17
20571,9.9472
20577,2.0642
20578,4.2632
20580,28.0799
20624,10.7604
20625,12.3842
20663,6.7111
20666,4.32
20670,3.8759
20671,4.4876
20717,31.18
20720,10.225
20721,4.7927
20735,1.067
20736,1.1108
20737,1.1038
20738,1.0711
20739,1.0409
20740,1.0371
20741,5.872000000000001
20763,9.9491
20774,2.9418
20775,5.7465
20788,2.5987
20791,7.2438
20804,1.9028
20805,4.551
20826,4.4279
20827,4.1984
20847,1.194
20849,1.1938
20855,7.0145
20978,3.8911
21014,2.1618
21015,5.7404
21028,1.1158
21029,1.0963
21030,1.0036
21031,1.1161
21032,1.0447
21033,1.0843
21034,4.8029
21048,10.2294
21087,1.6637
21088,4.54
21089,1.7522
21090,4.5621
21108,5.3289
21130,2.3435
21131,5.3473
21151,2.9002
21152,2.362
21153,4.6911
21228,10.345
21230,1.9052
21231,5.6704
21232,6.3715
21233,4.6355
21263,2.9934
21276,1.6982
21299,1.0246
21301,1.0598
21302,1.1083
21303,1.0502
21304,1.0784
21305,4.8646
21393,9.615
21397,8.213
21398,4.4086
21418,1.9503
21419,4.2565
21422,5.6699
21423,4.281000000000001
21574,10.3234
21610,14.2265
21655,4.7754
21656,4.6596
21666,2.1401
21667,4.1298
21688,3.6711
21689,5.9697
21728,1.0190000000000001
21729,1.0662
21730,1.0531
21731,1.0170000000000001
21732,1.0428
21733,1.0751
21734,6.7073
21779,1.1476
21780,1.1062
21781,1.1103
21782,1.0197
21784,1.0192
21785,4.8962
21796,3.259
21797,4.2925
21798,3.5425
21819,7.324
21820,4.737
21875,2.0235
21876,5.593999999999999
21891,10.107999999999999
21902,3.523
21903,4.1231
21907,15.28
21937,2.177
21938,3.9165
21965,10.3233
21984,5.4057
22006,2.3215
22007,4.8638
22015,8.6816
22034,1.0241
22035,1.1089
22036,1.05
22037,1.0302
22038,1.0663
22039,1.131
22040,5.006
22076,7.79
22079,16.1133
22080,1.9396
22081,5.7725
22097,10.368
22109,9.1264
22161,1.7596
22176,10.1953
22182,1.0484
22183,1.0222
22184,1.0387
22185,1.117
22188,5.8932
22196,2.5034
22197,3.8237
22207,2.0442
22208,6.164
22219,6.51
22220,12.8027
22236,6.9758
22237,4.186
22276,9.1937
22282,7.837000000000001
22283,5.0522
22284,6.18
22285,9.007
22286,4.607
22287,4.0454
22307,1.4391
22308,4.365
22371,2.1465
22447,9.135
22487,2.0074
22488,3.912
22489,1.8542
22561,2.2644
22562,1.261
22565,11.7219
22566,10.9494
22590,1.946
22591,5.1108
22594,9.7463
22626,8.317
22627,4.4599
22647,1.0132
22648,1.1201
22651,6.0005
22670,15.47
22671,7.0559
22675,1.4180000000000001
22676,4.0753
22687,1.0045
22689,1.0505
22690,1.0155
22691,1.073
22693,5.7625
22725,26.49
22739,4.4791
22782,4.2412
22784,4.404
22802,6.2946
22803,9.7827
22823,6.3479
22830,9.264
22888,1.9284
22889,4.3907
22913,29.7336
22969,4.785
22970,4.6652
22973,1.8875
22999,1.0304
23000,1.002
23001,1.0464
23004,1.0282
23005,5.2832
23087,12.7967
23088,10.2638
23092,2.251
23093,6.138999999999999
23105,1.9809999999999999
23127,19.81
23177,20.98
23179,2.2378
23180,4.9746
23189,1.8327
23190,4.8233
23191,2.2542
23198,1.2126
23201,31.5
23233,3.2539999999999996
23278,2.938
23279,5.0556
23317,7.1433
23318,4.4332
23323,3.5092
23324,6.037999999999999
23342,5.7003
23343,8.232000000000001
23404,6.848
23405,8.5057
23411,10.3515
23412,4.8469999999999995
23431,2.0504
23432,7.4629
23440,5.3004
23441,1.0208
23442,1.0439
23443,1.0609
23445,1.03
23447,5.8821
23455,3.5869
23463,1.3707
23466,4.8672
23526,1.8672
23527,4.5246
23533,3.1623
23548,1.482
23560,9.5269
23561,13.892000000000001
23603,2.174
23604,3.9949
23608,9.7046
23637,19.43
23640,9.7539
23657,8.228
23659,3.92
23697,13.8519
23704,14.1314
23705,9.548
23710,5.9319
23711,8.3241
23725,4.7
23732,23.57
23751,4.225
23753,4.349
23773,2.1905
23774,5.2487
23790,1.052
23791,1.0366
23793,5.0135
23815,1.425
23827,2.536
23828,6.2969
23851,8.2809
23940,1.5335
24277,22.2151
24279,23.454
24285,1.3447
24286,1.5659999999999998
24297,5.388999999999999
24298,8.4888
24304,1.979
24306,4.401
24677,2.158
24678,4.5817
24721,2.1082
24727,1.0597
24731,5.8121
24753,3.0492
24772,2.1331
24773,4.5542
24793,3.3209
24795,3.01
24796,3.661
24797,9.3827
24809,9.8843
24827,19.730999999999998
24829,16.299
24836,4.221
24841,3.6704
24842,3.8308
24870,3.681
24871,5.0327
24873,4.2155
24883,2.6748
24903,3.1095
24907,3.6289999999999996
24920,1.3502
24921,1.2819
24925,1.3559999999999999
24926,1.3359999999999999
24944,3.3678
24946,2.519
24948,3.695
24953,2.0088
24955,5.732
24967,3.458
24971,3.912
25042,3.569
25043,4.2949
25077,3.2961
25078,3.3446
25104,3.415
25105,3.4888
25135,6.947
25138,3.813
25157,1.651
25160,3.4524
25161,1.409
25162,1.807
25163,2.2994
25164,1.8071
25165,2.0824
25260,6.193
25261,12.1964
25262,3.1510000000000002
25273,3.6574
25279,32.49
25280,1.5228
25281,1.3038
25286,3.4327
25306,2.6375
25307,2.4068
25308,2.2545
25309,2.4271
25319,3.5842
25320,3.7318
25338,5.292000000000001
25344,3.3548
25359,9.482000000000001
25363,1.0538
25369,5.9543
25394,6.8102
25400,9.9528
25406,5.6602
25407,11.3423
25424,15.4011
25461,17.93
25467,3.4454
25480,1.0845
25482,1.0059
25490,2.3369999999999997
25506,1.495
25510,9.4862
25527,3.7449
25544,399.0524
25560,1.8056
25561,1.2745
25567,1.9257
25569,5.2605
25590,2.0909999999999997
25592,4.5439
25606,3.16
25616,2.4189
25619,10.254000000000001
25621,1.8713
25622,1.891
25623,2.1998
25624,2.158
25634,6.3919
25637,9.8759
25649,2.4235
25650,2.3089
25651,2.3015
25652,2.0013
25667,20.91
25676,2.4984
25677,2.3345
25678,2.4169
25679,2.3375
25682,4.5153
25693,1.272
25695,9.5258
25727,10.482999999999999
25731,1.4199
25732,6.0514
25733,7.8405
25736,1.16
25758,3.4542
25759,6.0619
25770,2.3361
25771,2.2145
25772,2.5521
25773,2.2155
25774,8.8586
25789,2.7614
25791,7.2197
25851,2.191
25852,2.4658
25853,2.3919
25854,2.2432
25860,18.374000000000002
25861,12.344000000000001
25868,10.2113
25872,2.3241
25873,2.3316
25874,2.017
25875,2.4586
25876,8.6876
25883,2.3881
25884,2.1590000000000003
25885,2.3205
25886,2.0626
25892,2.1236
25893,4.3764
25907,2.1977
25908,1.8565
25909,2.4202
25910,1.9693
25919,3.873
25940,3.2248
25942,5.2324
25943,2.3506
25944,2.4682
25945,2.3214
25946,2.3172
25961,2.3619
25962,2.3174
25963,2.434
25964,1.9293
25968,13.4837
25977,6.7564
25979,11.1683
25991,3.9811
25994,12.444
26032,2.1503
26034,1.1892
26035,2.7337
26066,1.4439
26069,6.841
26070,10.3713
26072,16.6508
26081,2.4049
26082,2.5649
26083,2.0391
26084,2.2372
26086,1.2358
26102,3.2225
26103,2.0972
26109,15.69
26121,3.4209
26141,1.501
26220,2.7029
26222,4.7124
26299,21.12
26365,1.305
26366,1.268
26374,1.835
26375,1.3792
26384,1.7292
26387,4.841
26389,17.2316
26400,32.94
26474,13.7878
26490,20.98
26536,5.3128
26550,8.3563
26562,1.2512
26619,1.7209999999999999
26620,3.6235
26622,13.0744
26623,4.2219999999999995
26696,22.57
26700,15.0
26702,1.155
26703,2.249
26818,1.8842
26819,5.0877
26901,21.01
26957,3.2203
26960,4.878
26997,3.2688
26998,2.7177
27000,5.836
27001,6.7092
27006,9.5435
27061,5.7345
27367,3.1636
27370,2.4653
27371,0.94
27386,18.597
27387,17.123
27390,15.7194
27421,7.3278
27422,7.7882
27424,7.8419
27430,1.234
27431,2.2669
27432,6.1808
27433,6.727
27436,1.9789
27437,5.001
27453,4.8580000000000005
27457,3.3062
27466,6.9435
27470,19.664
27473,20.3066
27476,1.3404
27518,21.07
27534,1.868
27535,5.232
27561,5.1604
27593,13.21
27595,10.34
27597,17.287
27601,24.5997
27609,1.3843
27610,6.9474
27611,3.6355
27640,5.0821
27651,1.7809
27652,1.2815
27665,9.4905
27671,1.0705
27740,18.1619
27745,1.8822
27783,1.1606
27784,1.3769999999999998
27818,1.8768
27819,5.419
27821,6.45
27840,5.9476
27855,18.9
27859,1.446
27870,7.002999999999999
27871,15.0
27872,17.0
27940,6.4331
27946,29.05
27952,14.29
28050,6.1641
28051,5.7845
28054,4.3007
28057,2.2316
28059,5.8035
28060,2.8768
28061,5.7109
28118,11.93
28155,15.88
28188,7.4079999999999995
28220,1.5466
28222,11.628
28230,10.177999999999999
28254,3.1147
28255,2.4425
28352,12.1177
28353,8.3023
28359,6.3020000000000005
28367,5.379
28374,1.0257
28376,9.4421
28380,1.849
28381,4.5129
28395,6.5887
28413,1.237
28414,2.374
28415,4.078
28421,4.8106
28470,4.419
28479,1.3745
28480,10.0454
28485,7.6859
28499,16.0376
28517,1.58
28521,1.8312
28522,4.863
28528,6.905
28545,27.65
28637,1.554
28649,4.6921
28651,6.1554
28654,4.9159
28737,3.0739
28738,12.177
28773,4.1445
28787,19.23
28788,15.8489
28789,12.5892
28809,1.5851
28811,6.1367
28812,1.1840000000000002
28813,10.2016
28870,6.4967
28876,2.3729
28898,5.898
28904,38.94
28908,1.5290000000000001
28909,1.5727
28910,6.7761
28926,5.3288
28931,13.593
28932,15.7388
28938,21.22
28939,3.76
28944,13.5394
28948,26.24
28983,1.854
29092,3.667
29093,7.8218
29107,3.7945
29108,2.6001
29110,5.065
29164,18.3838
29165,32.11
29228,8.7657
29252,5.466
29256,6.6998
29268,2.0669999999999997
29269,5.3178
29271,6.6339999999999995
29275,41.19
29479,5.7356
29499,11.2479
29505,1.159
29506,2.4781
29507,3.951
29517,11.437000000000001
29522,4.481
29649,6.1625
29657,23.7889
29658,2.2985
29678,2.678
29710,2.2852
29712,2.5980000000000003
29713,10.0335
30324,10.46
30774,3.635
30775,1.7069999999999999
30777,1.6881
31113,1.3606
31114,7.807
31123,5.2387
31135,1.2619
31136,9.5282
31304,1.5217
31305,1.3
31490,3.0627
31571,2.2368
31573,2.4163
31574,2.2696
31576,2.2995
31598,4.6819999999999995
31698,2.2673
31699,5.922000000000001
31789,5.3829
31791,5.6319
31792,6.4839
31793,8.6948
31863,5.9585
32025,2.9587
32026,1.9262
32038,1.4737
32052,1.6656
32053,5.4336
32060,5.48
32062,2.512
32063,8.131
32263,2.1822
32264,2.1831
32265,1.9408
32266,1.9181
32289,5.129
32290,8.7898
32376,5.5722
32382,8.381
32390,20.22
32766,1.1837
32769,25.92
32783,2.316
32792,5.797999999999999
32957,6.1969
32958,6.5849
32959,8.13
33053,4.9326
33060,1.1201
33061,1.1461
33063,1.0769
33065,1.213
33066,6.632999999999999
33105,3.1623
33106,10.2471
33156,21.69
33272,20.5448
33276,24.5
33279,6.3563
33318,4.6389
33319,5.5739
33320,1.466
33321,1.3719999999999999
33323,3.877
33331,4.937
33374,5.3198
33393,3.1623
33396,2.8441
33397,4.8902
33398,7.6362
33405,4.1449
33408,1.301
33409,2.3517
33410,3.7866
33412,3.9248
33437,6.0928
33446,3.175
33454,6.0754
33492,4.6494
33500,15.8606
33504,4.1823
33505,3.9210000000000003
33591,5.122999999999999
34382,11.9569
34712,5.6105
34807,1.635
34839,3.1068
35495,6.3646
35499,1.4639
35501,5.4163
35579,3.4433
35635,1.2298
35637,4.4910000000000005
35682,1.2204
35688,5.4939
35689,4.8796
35754,2.4135
35865,5.3135
35931,4.0639
35936,5.638999999999999
35946,7.0279
35951,3.9811
36036,2.8692
36039,5.2379999999999995
36086,11.1757
36088,2.28
36089,9.0154
36095,12.1791
36103,6.6257
36110,3.3259
36119,2.1209
36120,9.7859
36121,3.025
36123,7.8784
36133,6.642
36288,16.51
36365,1.2659
36413,2.702
36414,2.9125
36415,2.656
36416,6.8216
36417,8.2368
36418,5.6758
36501,5.7405
36508,2.5642
36509,6.04
36510,6.8839999999999995
36519,1.6976
36520,4.6159
36583,25.31
36588,2.6607
36589,5.8373
36594,6.2911
36596,3.26
36597,8.7234
36600,6.01
36601,5.1456
36602,2.211
36605,2.487
36606,6.415
36795,2.249
36800,8.685
36833,15.2988
36834,4.795
36869,15.3742
36985,3.011
37152,1.6540000000000001
37154,1.453
37155,5.7037
37159,21.769000000000002
37165,3.3345
37168,3.8408
37169,4.1712
37179,1.163
37180,2.447
37181,5.6035
37182,5.8052
37187,5.9244
37188,4.8334
37189,4.8795
37190,4.5767
37191,4.7854
37192,4.7436
37193,4.6863
37214,6.2136
37215,8.161
37216,4.4030000000000005
37220,7.0034
37253,16.781
37260,7.3369
37347,3.937
37363,4.905
37387,5.5918
37390,5.5519
37673,8.922
37730,2.4
37731,8.4175
37739,4.6744
37740,5.0376
37741,4.9319999999999995
37742,5.0038
37743,4.86
37744,5.1557
37756,4.1543
37765,2.3311
37766,8.3531
37778,11.77
37781,4.629
37782,8.3784
37795,5.4183
37796,5.2736
37814,17.8509
37818,6.3594
37838,4.8139
37842,6.6160000000000005
37845,5.877000000000001
37849,5.7802
37875,5.7479
37931,1.157
37932,11.0869
37941,3.5715
38012,5.3462
38013,2.6365
38038,4.5644
38039,8.2039
38040,4.6037
38041,4.5491
38042,4.6934
38043,4.667
38044,4.548
38045,4.5242
38046,5.315
38071,29.42
38089,6.643
38100,7.2625
38246,8.3287
38248,2.6249
38256,2.924
38257,5.41
38334,13.7612
38337,6.2395
38338,5.2589999999999995
38341,17.152
38345,2.7089999999999996
38346,2.238
38347,10.9008
38353,16.5332
38354,3.0634
38355,8.378
38358,1.2619
38553,31.58
38554,22.35
38654,6.7693
38707,1.9
38708,1.8553
38711,1.0842
38734,1.66
38736,1.704
38737,6.3617
38745,5.58
38746,7.1160000000000005
38755,3.7969999999999997
38757,5.6068
38771,13.648
38781,10.1734
38782,2.365
38860,2.5335
38863,4.1181
38888,1.5499
38997,7.657
39010,7.3629999999999995
39011,2.511
39012,2.6919999999999997
39013,2.6512
39014,6.982
39015,5.9615
39016,7.7042
39019,5.438
39027,1.036
39030,1.6464
39037,11.373
39057,1.7487
39058,2.231
39059,1.474
39060,5.292999999999999
39061,3.6060000000000003
39069,3.0399
39072,4.343
39073,4.8199
39074,4.7808
39075,4.5814
39076,4.3422
39077,4.8715
39084,7.1149
39085,30.7696
39086,1.6825
39093,9.0906
39094,2.1
39150,2.5869999999999997
39154,9.8319
39162,3.911
39174,8.2506
39177,16.049
39186,7.355
39188,49.7749
39189,80.0833
39190,36.0795
39191,45.1267
39192,11.0122
39194,7.606
39195,3.2289999999999996
39197,1.318
39198,1.056
39202,2.305
39203,7.815
39208,1.8615
39209,1.335
39210,3.3272
39211,6.5326
39212,6.143
39218,25.58
39227,3.4646
39228,6.3096
39235,27.02
39239,2.5905
39240,2.637
39241,2.7439999999999998
39242,6.4571
39243,7.0439
39244,5.5920000000000005
39249,1.6780000000000002
39250,1.6723
39251,1.6473
39252,5.0919
39253,1.9392
39254,2.0335
39255,2.1234
39260,7.436
39261,6.2253
39265,2.057
39271,17.877
39287,6.997999999999999
39357,1.6779
39358,8.2723
39359,8.4034
39362,6.7596
39364,8.317
39380,1.0839
39410,3.1623
39411,8.024
39419,1.777
39448,5.5984
39450,4.2665
39451,2.5959
39452,2.2407
39453,2.365
39454,5.032
39455,1.3254
39477,5.896
39483,1.5568
39484,1.7028
39485,1.669
39486,5.6992
39510,26.13
39574,8.104
39624,2.3567
39625,7.257000000000001
39630,4.2652
39634,4.9676
39650,2.4763
39678,3.4730000000000003
39679,10.2641
39731,4.2216
39761,1.692
39762,1.7164
39763,1.7561
39764,5.0467
39766,4.096
39771,17.6774
40013,1.7984
40047,4.831
40049,5.2566
40053,3.6769
40058,5.7704
40059,1.1540000000000001
40060,8.074
40061,1.7159
40062,1.6498
40063,1.7151
40064,5.0066
40069,8.6621
40070,1.371
40078,1.771
40079,7.4489
40080,1.4019
40081,12.5893
40082,3.9905
40083,1.5448
40108,17.92
40109,2.8074
40110,2.4074
40111,2.4378
40112,6.4429
40113,8.1559
40114,6.004
40115,6.222
40116,16.4799
40118,3.5060000000000002
40143,4.9968
40261,2.255
40262,7.4723
40275,3.1623
40276,8.2818
40286,2.1591
40287,8.3299
40298,2.648
40303,4.5649
40305,3.6039
40306,7.704
40310,4.2274
40319,4.4212
40336,3.7804
40337,7.4623
40338,2.3325
40339,2.3855
40340,2.6275
40341,6.002999999999999
40342,5.9828
40343,7.2429
40349,12.2583
40350,7.8074
40351,16.3813
40352,6.3308
40353,9.9039
40354,2.772
40358,12.9348
40360,8.331
40362,4.769
40366,7.587000000000001
40368,26.81
40376,4.277
40381,3.3742
40382,16.26
40386,7.821000000000001
40420,5.529
40507,4.1318
40536,5.3629999999999995
40538,6.1254
40539,17.7693
40541,4.2324
40552,1.6379
40553,1.5906
40554,1.59
40556,5.0785
40614,14.7693
40666,11.5849
40697,3.451
40698,2.051
40699,14.195
40701,5.0119
40715,1.5728
40716,1.5082
40717,1.5157
40720,5.7868
40876,8.42
40878,3.094
40879,6.5939
40884,8.182
40894,3.6830000000000003
40913,2.553
40920,1.5579
40921,1.5039
40922,1.5012
40923,4.6135
40930,4.8771
40937,6.0119
40942,32.89
40961,2.2889
40988,2.6839999999999997
41026,4.8055
41030,5.55
41031,14.88
41038,5.0279
41039,6.3819
41108,5.1232
41169,2.6853
41172,8.8215
41173,1.5819999999999999
41193,5.8739
41240,2.7109
41333,1.2919999999999998
41335,3.9811
41336,3.3480000000000003
41337,6.1649
41341,27.4086
41383,34.04
41386,7.66
41394,5.617999999999999
41442,1.8437
41456,5.5865
41457,1.0554
41461,2.428
41464,2.6614
41465,2.353
41473,3.7059
41556,4.613
41579,3.088
41580,4.081
41583,4.6813
41599,1.9953
41620,6.7064
41621,5.3409
41634,9.772
41635,6.7827
41727,3.9379
41728,7.49
41731,2.105
41770,2.3328
41775,4.2304
41790,1.7214
41791,6.855
41792,5.5058
41845,1.7789
41847,0.12
41848,6.599
41857,4.2410000000000005
41858,7.9599
41870,8.3048
41875,3.1623
41877,4.155
41878,5.459
41892,1.564
41898,1.4246
41907,2.5079
41908,1.7072
41917,2.8038
41918,2.392
41919,2.804
41920,2.6252
41921,2.2529
41922,2.8939999999999997
41923,2.4372
41924,2.4103
41925,2.6519999999999997
41926,2.6291
41948,2.2262
42052,6.127999999999999
42063,2.5119
42071,10.2512
7646,0.1504
22698,0.5716
22824,0.1421
27392,0.58
27944,0.1
43476,0.6816
43477,0.6309
16908,3.3915
22067,9.2849
26997,3.0928
41240,2.2436